"unitid","institution name","year","DRVEF2014_RV.Total  enrollment","DRVEF2014_RV.Full-time enrollment","DRVEF2014_RV.Part-time enrollment","DRVEF2014_RV.Full-time equivalent fall enrollment","DRVEF2014_RV.Undergraduate enrollment","DRVEF2014_RV.First-time degree/certificate-seeking undergraduate enrollment","DRVEF2014_RV.Transfer-in degree/certificate-seeking undergraduate enrollment","DRVEF2014_RV.Continuing degree/certificate-seeking undergraduate enrollment","DRVEF2014_RV.Nondegree/certificate-seeking undergraduate enrollment","DRVEF2014_RV.Graduate enrollment","DRVEF2014_RV.Full-time undergraduate enrollment","DRVEF2014_RV.Full-time first-time degree/certificate-seeking undergraduate enrollment","DRVEF2014_RV.Full-time transfer-in degree/certificate-seeking undergraduate enrollment","DRVEF2014_RV.Full-time continuing degree/certificate-seeking undergraduate enrollment","DRVEF2014_RV.Full-time nondegree/certificate-seeking undergraduate enrollment","DRVEF2014_RV.Full-time graduate enrollment","DRVEF2014_RV.Part-time undergraduate enrollment","DRVEF2014_RV.Part-time first-time degree/certificate-seeking undergraduate enrollment","DRVEF2014_RV.Part-time transfer-in degree/certificate-seeking undergraduate enrollment","DRVEF2014_RV.Part-time continuing degree/certificate-seeking undergraduate enrollment","DRVEF2014_RV.Part-time nondegree/certificate-seeking undergraduate enrollment","DRVEF2014_RV.Part-time graduate enrollment","DRVEF2014_RV.Percent of total enrollment that are American Indian or Alaska Native","DRVEF2014_RV.Percent of total enrollment that are Asian","DRVEF2014_RV.Percent of total enrollment that are Black or African American","DRVEF2014_RV.Percent of total enrollment that are Hispanic/Latino","DRVEF2014_RV.Percent of total enrollment that are Native Hawaiian or Other Pacific Islander","DRVEF2014_RV.Percent of total enrollment that are White","DRVEF2014_RV.Percent of total enrollment that are two or more races","DRVEF2014_RV.Percent of total enrollment that are Race/ethnicity unknown","DRVEF2014_RV.Percent of total enrollment that are Nonresident Alien","DRVEF2014_RV.Percent of total enrollment that are Asian/Native Hawaiian/Pacific Islander","DRVEF2014_RV.Percent of total enrollment that are women","DRVEF2014_RV.Percent of undergraduate enrollment that are American Indian or Alaska Native","DRVEF2014_RV.Percent of undergraduate enrollment that are Asian","DRVEF2014_RV.Percent of undergraduate enrollment that are Black or African American","DRVEF2014_RV.Percent of undergraduate enrollment that are Hispanic/Latino","DRVEF2014_RV.Percent of undergraduate enrollment that are Native Hawaiian or Other Pacific Islander","DRVEF2014_RV.Percent of undergraduate enrollment that are White","DRVEF2014_RV.Percent of undergraduate enrollment that are two or more races","DRVEF2014_RV.Percent of undergraduate enrollment that are Race/ethnicity unknown","DRVEF2014_RV.Percent of undergraduate enrollment that are Nonresident Alien","DRVEF2014_RV.Percent of undergraduate enrollment that are Asian/Native Hawaiian/Pacific Islander","DRVEF2014_RV.Percent of undergraduate enrollment that are women","HD2014.Institution size category","DRVEF2014_RV.Percent of graduate enrollment that are American Indian or Alaska Native","DRVEF2014_RV.Percent of graduate enrollment that are Asian","DRVEF2014_RV.Percent of graduate enrollment that are Black or African American","DRVEF2014_RV.Percent of graduate enrollment that are Hispanic/Latino","DRVEF2014_RV.Percent of graduate enrollment that are Native Hawaiian or Other Pacific Islander","DRVEF2014_RV.Percent of graduate enrollment that are White","DRVEF2014_RV.Percent of graduate enrollment that are two or more races","DRVEF2014_RV.Percent of graduate enrollment that are Race/ethnicity unknown","DRVEF2014_RV.Percent of graduate enrollment that are Nonresident Alien","DRVEF2014_RV.Percent of graduate enrollment that are Asian/Native Hawaiian/Pacific Islander","DRVEF2014_RV.Percent of graduate enrollment that are women","DRVEF2014_RV.Full-time, first-time, degree/certificate seeking undergraduates (GRS Cohort) as percent of all undergraduates","DRVEF2014_RV.Adult age (25-64) enrollment, all students","DRVEF2014_RV.Adult age (25-64) enrollment, undergraduate","DRVEF2014_RV.Adult age (25-64) enrollment, graduate","DRVEF2014_RV.Adult age (25-64) enrollment, full-time students","DRVEF2014_RV.Adult age (25-64) enrollment, full-time undergraduate","DRVEF2014_RV.Adult age (25-64) enrollment, full-time graduate","DRVEF2014_RV.Adult age (25-64) enrollment, part-time students","DRVEF2014_RV.Adult age (25-64) enrollment, part-time undergraduate","DRVEF2014_RV.Adult age (25-64) enrollment, part-time graduate","DRVEF2014_RV.Percent of undergraduate enrollment under 18","DRVEF2014_RV.Percent of undergraduate enrollment 18-24","DRVEF2014_RV.Percent of undergraduate enrollment, 25-64","DRVEF2014_RV.Percent of undergraduate enrollment over 65","DRVEF2014_RV.Percent of students enrolled exclusively in distance education courses","DRVEF2014_RV.Percent of students enrolled in some but not all distance education courses","DRVEF2014_RV.Percent of students not enrolled in any distance education courses","DRVEF2014_RV.Percent of undergraduate students enrolled exclusively in distance education courses","DRVEF2014_RV.Percent of undergraduate students enrolled in some but not all distance education courses","DRVEF2014_RV.Percent of undergraduate students not enrolled in any distance education courses","DRVEF2014_RV.Percent of graduate students enrolled exclusively in distance education courses","DRVEF2014_RV.Percent of graduate students enrolled in some but not all distance education courses","DRVEF2014_RV.Percent of graduate students not enrolled in any distance education courses","DRVEF2014_RV.Number of first-time undergraduates - in-state","DRVEF2014_RV.Percent of first-time undergraduates - in-state","DRVEF2014_RV.Number of first-time undergraduates - out-of-state","DRVEF2014_RV.Percent of first-time undergraduates - out-of-state","DRVEF2014_RV.Number of first-time undergraduates - foreign countries","DRVEF2014_RV.Percent of first-time undergraduates - foreign countries","DRVEF2014_RV.Number of first-time undergraduates - residence unknown","DRVEF2014_RV.Percent of first-time undergraduates - residence unknown","EF2014D_RV.Student-to-faculty ratio","XSTUFACR","HD2014.FIPS state code","HD2014.Level of institution","HD2014.Control of institution","HD2014.Degree-granting status","HD2014.Degree of urbanization (Urban-centric locale)","HD2014.Postsecondary and Title IV institution indicator","HD2014.Institutional category","HD2014.Institution size category"
"108667","College of Alameda","2014","5796","880","4916","2530","5796","696","1161","3323","616","0","880","205","113","534","28","0","4916","491","1048","2789","588","0","0","30","22","22","0","15","5","5","1","31","55","0","30","22","22","0","15","5","5","1","31","55","5,000 - 9,999",,,,,,,,,,,,"4","2394","2394","0","265","265","0","2129","2129","0","4","54","41","1","20","10","70","20","10","70",,,,"646","93","0","0","10","1","40","6","27","R","California","At least 2 but less than 4 years","Public","Degree-granting","Suburb: Large","Title IV postsecondary institution","Degree-granting, associate's and certificates","5,000 - 9,999"
"108807","Allan Hancock College","2014","11047","3363","7684","5943","11047","1737","771","7230","1309","0","3363","870","188","2224","81","0","7684","867","583","5006","1228","0","1","4","3","53","0","35","3","0","0","5","51","1","4","3","53","0","35","3","0","0","5","51","10,000 - 19,999",,,,,,,,,,,,"8","3955","3955","0","628","628","0","3327","3327","0","3","60","36","1","14","17","69","14","17","69",,,,"1686","97","36","2","14","1","1","0","24","R","California","At least 2 but less than 4 years","Public","Degree-granting","City: Small","Title IV postsecondary institution","Degree-granting, associate's and certificates","10,000 - 19,999"
"109208","American River College","2014","29133","7120","22013","14511","29133","3570","3150","20083","2330","0","7120","1340","479","5025","276","0","22013","2230","2671","15058","2054","0","1","11","10","21","1","46","6","4","1","12","54","1","11","10","21","1","46","6","4","1","12","54","20,000 and above",,,,,,,,,,,,"5","14813","14813","0","2190","2190","0","12623","12623","0","1","47","51","0","11","17","72","11","17","72",,,,"3442","96","0","0","28","1","100","3","27","R","California","At least 2 but less than 4 years","Public","Degree-granting","Suburb: Large","Title IV postsecondary institution","Degree-granting, associate's and certificates","20,000 and above"
"109350","Antelope Valley Community College District","2014","14578","4410","10168","7824","14578","2081","711","9575","2211","0","4410","973","238","3079","120","0","10168","1108","473","6496","2091","0","0","3","21","46","0","23","5","1","0","3","59","0","3","21","46","0","23","5","1","0","3","59","10,000 - 19,999",,,,,,,,,,,,"7","5539","5539","0","1188","1188","0","4351","4351","0","5","57","38","0","3","11","86","3","11","86",,,,"2063","99","6","0","12","1","0","0","26","R","California","At least 2 but less than 4 years","Public","Degree-granting","Suburb: Large","Title IV postsecondary institution","Degree-granting, associate's and certificates","10,000 - 19,999"
"109819","Bakersfield College","2014","18698","5940","12758","10223","18698","3333","939","12710","1716","0","5940","1718","295","3787","140","0","12758","1615","644","8923","1576","0","0","4","4","66","0","22","3","1","0","4","56","0","4","4","66","0","22","3","1","0","4","56","10,000 - 19,999",,,,,,,,,,,,"9","6282","6282","0","1068","1068","0","5214","5214","0","2","64","34","0","5","10","85","5","10","85",,,,"3292","99","0","0","17","1","24","1","32","R","California","At least 2 but less than 4 years","Public","Degree-granting","City: Large","Title IV postsecondary institution","Degree-granting, associate's and certificates","10,000 - 19,999"
"109907","Barstow Community College","2014","1859","403","1456","892","1859","354","158","1076","271","0","403","109","38","248","8","0","1456","245","120","828","263","0","1","3","14","44","1","30","6","1","0","4","57","1","3","14","44","1","30","6","1","0","4","57","1,000 - 4,999",,,,,,,,,,,,"6","658","658","0","126","126","0","532","532","0","7","57","35","0","0","2","97","0","2","97",,,,"342","97","12","3","0","0","0","0","29","R","California","At least 2 but less than 4 years","Public","Degree-granting","Town: Distant","Title IV postsecondary institution","Degree-granting, associate's and certificates","1,000 - 4,999"
"110246","Butte College","2014","12161","5799","6362","7935","12161","1973","984","8207","997","0","5799","1290","526","3832","151","0","6362","683","458","4375","846","0","2","5","3","19","0","60","2","7","1","6","52","2","5","3","19","0","60","2","7","1","6","52","10,000 - 19,999",,,,,,,,,,,,"11","3846","3846","0","1358","1358","0","2488","2488","0","3","65","32","0","3","10","87","3","10","87",,,,"1861","94","0","0","48","2","64","3","24","R","California","At least 2 but less than 4 years","Public","Degree-granting","Rural: Distant","Title IV postsecondary institution","Degree-granting, associate's and certificates","10,000 - 19,999"
"110334","Cabrillo College","2014","13594","4560","9034","7593","13594","1944","839","9640","1171","0","4560","1034","295","3129","102","0","9034","910","544","6511","1069","0","0","3","1","38","0","50","5","2","1","3","52","0","3","1","38","0","50","5","2","1","3","52","10,000 - 19,999",,,,,,,,,,,,"8","5708","5708","0","989","989","0","4719","4719","0","3","52","42","2","5","16","79","5","16","79",,,,"1848","95","0","0","33","2","63","3","25","R","California","At least 2 but less than 4 years","Public","Degree-granting","Suburb: Midsize","Title IV postsecondary institution","Degree-granting, associate's and certificates","10,000 - 19,999"
"111434","Canada College","2014","6498","1100","5398","2912","6498","625","904","3613","1356","0","1100","247","104","699","50","0","5398","378","800","2914","1306","0","0","11","4","51","2","25","3","2","2","13","63","0","11","4","51","2","25","3","2","2","13","63","5,000 - 9,999",,,,,,,,,,,,"4","3154","3154","0","276","276","0","2878","2878","0","5","45","49","1","6","8","85","6","8","85",,,,"585","94","0","0","0","0","40","6","25","R","California","At least 2 but less than 4 years","Public","Degree-granting","Suburb: Large","Title IV postsecondary institution","Degree-granting, associate's and certificates","5,000 - 9,999"
"111461","College of the Canyons","2014","17148","6227","10921","9894","17148","2782","1227","11195","1944","0","6227","1609","489","3999","130","0","10921","1173","738","7196","1814","0","0","9","5","45","0","35","5","0","1","9","51","0","9","5","45","0","35","5","0","1","9","51","10,000 - 19,999",,,,,,,,,,,,"9","4564","4564","0","812","812","0","3752","3752","0","6","67","27","0","6","18","76","6","18","76",,,,"2683","96","0","0","49","2","50","2","27","R","California","At least 2 but less than 4 years","Public","Degree-granting","Suburb: Large","Title IV postsecondary institution","Degree-granting, associate's and certificates","10,000 - 19,999"
"111887","Cerritos College","2014","21774","7254","14520","12129","21774","2985","1529","13657","3603","0","7254","1438","498","4886","432","0","14520","1547","1031","8771","3171","0","3","9","5","68","0","7","2","5","1","9","55","3","9","5","68","0","7","2","5","1","9","55","20,000 and above",,,,,,,,,,,,"7","7224","7224","0","1479","1479","0","5745","5745","0","2","64","33","1","12","44","45","12","44","45",,,,"2955","99","0","0","9","0","21","1","30","R","California","At least 2 but less than 4 years","Public","Degree-granting","Suburb: Large","Title IV postsecondary institution","Degree-granting, associate's and certificates","20,000 and above"
"111896","Cerro Coso Community College","2014","4731","929","3802","2205","4731","525","793","2996","417","0","929","186","86","630","27","0","3802","339","707","2366","390","0","2","3","4","39","0","46","5","0","0","3","60","2","3","4","39","0","46","5","0","0","3","60","1,000 - 4,999",,,,,,,,,,,,"4","2697","2697","0","300","300","0","2397","2397","0","4","38","57","1","28","21","51","28","21","51",,,,"508","97","0","0","1","0","16","3","26","R","California","At least 2 but less than 4 years","Public","Degree-granting","Rural: Fringe","Title IV postsecondary institution","Degree-granting, associate's and certificates","1,000 - 4,999"
"111920","Chabot College","2014","13047","3857","9190","6942","13047","2043","1299","8626","1079","0","3857","899","267","2640","51","0","9190","1144","1032","5986","1028","0","0","23","12","37","2","18","6","1","0","25","53","0","23","12","37","2","18","6","1","0","25","53","10,000 - 19,999",,,,,,,,,,,,"7","5026","5026","0","735","735","0","4291","4291","0","2","59","39","1","9","16","75","9","16","75",,,,"1931","95","13","1","53","3","46","2","27","R","California","At least 2 but less than 4 years","Public","Degree-granting","City: Midsize","Title IV postsecondary institution","Degree-granting, associate's and certificates","10,000 - 19,999"
"111939","Chaffey College","2014","19557","5385","14172","10143","19557","3458","1294","12532","2273","0","5385","1190","278","3779","138","0","14172","2268","1016","8753","2135","0","0","6","9","61","0","18","3","3","1","6","58","0","6","9","61","0","18","3","3","1","6","58","10,000 - 19,999",,,,,,,,,,,,"6","5907","5907","0","1047","1047","0","4860","4860","0","2","68","30","0","3","7","91","3","7","91",,,,"3351","97","0","0","4","0","103","3","26","R","California","At least 2 but less than 4 years","Public","Degree-granting","Suburb: Large","Title IV postsecondary institution","Degree-granting, associate's and certificates","10,000 - 19,999"
"112172","Citrus College","2014","12780","4921","7859","7560","12780","2183","988","8217","1392","0","4921","1194","373","3184","170","0","7859","989","615","5033","1222","0","0","8","4","61","0","19","3","1","4","8","53","0","8","4","61","0","19","3","1","4","8","53","10,000 - 19,999",,,,,,,,,,,,"9","3121","3121","0","736","736","0","2385","2385","0","2","73","24","0","5","14","81","5","14","81",,,,"2151","99","8","0","0","0","24","1","30","R","California","At least 2 but less than 4 years","Public","Degree-granting","Suburb: Large","Title IV postsecondary institution","Degree-granting, associate's and certificates","10,000 - 19,999"
"112190","City College of San Francisco","2014","23610","7385","16225","12832","23610","2984","1737","16962","1927","0","7385","1207","447","5634","97","0","16225","1777","1290","11328","1830","0","0","34","8","24","1","23","5","2","4","34","53","0","34","8","24","1","23","5","2","4","34","53","20,000 and above",,,,,,,,,,,,"5","12818","12818","0","2714","2714","0","10104","10104","0","1","42","54","2","4","9","86","4","9","86",,,,"2720","91","42","1","212","7","10","0","20","R","California","At least 2 but less than 4 years","Public","Degree-granting","City: Large","Title IV postsecondary institution","Degree-granting, associate's and certificates","20,000 and above"
"112385","Coastline Community College","2014","11313","1660","9653","4901","11313","1332","2149","6022","1810","0","1660","221","244","1013","182","0","9653","1111","1905","5009","1628","0","1","22","12","27","0","31","4","2","1","23","41","1","22","12","27","0","31","4","2","1","23","41","10,000 - 19,999",,,,,,,,,,,,"2","7827","7827","0","1074","1074","0","6753","6753","0","3","26","69","2","74","10","15","74","10","15",,,,"1290","97","11","1","31","2","0","0","42","R","California","At least 2 but less than 4 years","Public","Degree-granting","City: Small","Title IV postsecondary institution","Degree-granting, associate's and certificates","10,000 - 19,999"
"112561","Columbia College","2014","2397","755","1642","1306","2397","458","216","1517","206","0","755","204","59","486","6","0","1642","254","157","1031","200","0","2","2","1","15","0","76","3","1","0","2","56","2","2","1","15","0","76","3","1","0","2","56","1,000 - 4,999",,,,,,,,,,,,"9","853","853","0","169","169","0","684","684","0","6","57","36","1","9","19","72","9","19","72",,,,"448","98","0","0","0","0","10","2","17","R","California","At least 2 but less than 4 years","Public","Degree-granting","Rural: Fringe","Title IV postsecondary institution","Degree-granting, associate's and certificates","1,000 - 4,999"
"112686","Compton College","2014","7611","1961","5650","3858","7611","1048","1172","4514","877","0","1961","501","235","1195","30","0","5650","547","937","3319","847","0","0","5","35","53","1","3","3","0","0","5","63","0","5","35","53","1","3","3","0","0","5","63","5,000 - 9,999",,,,,,,,,,,,"7","3082","3082","0","538","538","0","2544","2544","0","3","56","40","0","10","10","80","10","10","80",,,,"984","94","0","0","35","3","29","3","26","R","California","At least 2 but less than 4 years","Public","Degree-granting","Suburb: Large","Title IV postsecondary institution","Degree-granting, associate's and certificates","5,000 - 9,999"
"112826","Contra Costa College","2014","6697","1989","4708","3570","6697","670","608","4055","1364","0","1989","276","147","1454","112","0","4708","394","461","2601","1252","0","0","18","22","39","1","10","5","2","3","19","58","0","18","22","39","1","10","5","2","3","19","58","5,000 - 9,999",,,,,,,,,,,,"4","2501","2501","0","485","485","0","2016","2016","0","9","53","37","1","4","10","86","4","10","86",,,,"570","85","0","0","43","6","57","9","22","R","California","At least 2 but less than 4 years","Public","Degree-granting","Suburb: Large","Title IV postsecondary institution","Degree-granting, associate's and certificates","5,000 - 9,999"
"113096","Cosumnes River College","2014","14467","3576","10891","7233","14467","2322","1648","9408","1089","0","3576","898","217","2391","70","0","10891","1424","1431","7017","1019","0","1","27","14","24","2","25","6","2","1","29","57","1","27","14","24","2","25","6","2","1","29","57","10,000 - 19,999",,,,,,,,,,,,"6","5551","5551","0","785","785","0","4766","4766","0","1","60","38","1","11","14","75","11","14","75",,,,"2248","97","0","0","30","1","44","2","30","R","California","At least 2 but less than 4 years","Public","Degree-granting","City: Large","Title IV postsecondary institution","Degree-granting, associate's and certificates","10,000 - 19,999"
"113111","Crafton Hills College","2014","5932","2209","3723","3459","5932","1067","587","3498","780","0","2209","574","135","1270","230","0","3723","493","452","2228","550","0","0","5","4","45","0","40","5","0","0","5","54","0","5","4","45","0","40","5","0","0","5","54","5,000 - 9,999",,,,,,,,,,,,"10","1631","1631","0","360","360","0","1271","1271","0","2","70","27","0","4","10","85","4","10","85",,,,"1015","95","0","0","52","5","0","0","29","R","California","At least 2 but less than 4 years","Public","Degree-granting","Rural: Fringe","Title IV postsecondary institution","Degree-granting, associate's and certificates","5,000 - 9,999"
"113193","Cuesta College","2014","9221","3723","5498","5569","9221","1354","861","5649","1357","0","3723","870","418","2389","46","0","5498","484","443","3260","1311","0","1","3","1","29","0","60","5","1","0","3","52","1","3","1","29","0","60","5","1","0","3","52","5,000 - 9,999",,,,,,,,,,,,"9","2690","2690","0","619","619","0","2071","2071","0","9","62","29","1","8","13","79","8","13","79",,,,"1311","97","17","1","21","2","5","0","24","R","California","At least 2 but less than 4 years","Public","Degree-granting","Suburb: Small","Title IV postsecondary institution","Degree-granting, associate's and certificates","5,000 - 9,999"
"113218","Cuyamaca College","2014","8644","2141","6503","4324","8644","1205","1072","5311","1056","0","2141","540","139","1343","119","0","6503","665","933","3968","937","0","0","6","6","33","0","46","6","1","0","6","53","0","6","6","33","0","46","6","1","0","6","53","5,000 - 9,999",,,,,,,,,,,,"6","3450","3450","0","614","614","0","2836","2836","0","2","57","40","1","15","13","73","15","13","73",,,,"1166","97","0","0","18","1","21","2","25","R","California","At least 2 but less than 4 years","Public","Degree-granting","Suburb: Large","Title IV postsecondary institution","Degree-granting, associate's and certificates","5,000 - 9,999"
"113236","Cypress College","2014","15816","5085","10731","8688","15816","2608","1914","10295","999","0","5085","1085","405","3564","31","0","10731","1523","1509","6731","968","0","0","22","4","45","0","20","4","3","1","22","56","0","22","4","45","0","20","4","3","1","22","56","10,000 - 19,999",,,,,,,,,,,,"7","4715","4715","0","914","914","0","3801","3801","0","2","68","30","0","5","13","82","5","13","82",,,,"2550","98","5","0","0","0","53","2","25","R","California","At least 2 but less than 4 years","Public","Degree-granting","Suburb: Large","Title IV postsecondary institution","Degree-granting, associate's and certificates","10,000 - 19,999"
"113333","De Anza College","2014","23104","11086","12018","15121","23104","3986","1591","14740","2787","0","11086","2772","578","7242","494","0","12018","1214","1013","7498","2293","0","0","34","3","26","0","21","5","1","9","35","48","0","34","3","26","0","21","5","1","9","35","48","20,000 and above",,,,,,,,,,,,"12","6699","6699","0","1506","1506","0","5193","5193","0","3","67","29","1","5","12","82","5","12","82",,,,"3163","79","0","0","612","15","211","5","31","R","California","At least 2 but less than 4 years","Public","Degree-granting","City: Small","Title IV postsecondary institution","Degree-granting, associate's and certificates","20,000 and above"
"113573","College of the Desert","2014","9719","3613","6106","5663","9719","1697","469","6771","782","0","3613","787","178","2605","43","0","6106","910","291","4166","739","0","0","3","3","68","0","20","2","1","3","3","53","0","3","3","68","0","20","2","1","3","3","53","5,000 - 9,999",,,,,,,,,,,,"8","3067","3067","0","775","775","0","2292","2292","0","2","66","32","0","2","12","86","2","12","86",,,,"1557","92","39","2","95","6","6","0","29","R","California","At least 2 but less than 4 years","Public","Degree-granting","Suburb: Large","Title IV postsecondary institution","Degree-granting, associate's and certificates","5,000 - 9,999"
"113634","Diablo Valley College","2014","20089","7503","12586","11729","20089","2654","1610","14050","1775","0","7503","1363","393","5617","130","0","12586","1291","1217","8433","1645","0","0","15","6","23","0","38","8","1","8","16","51","0","15","6","23","0","38","8","1","8","16","51","20,000 and above",,,,,,,,,,,,"7","6206","6206","0","944","944","0","5262","5262","0","3","65","31","1","8","15","77","8","15","77",,,,"2098","79","0","0","436","16","120","5","27","R","California","At least 2 but less than 4 years","Public","Degree-granting","Suburb: Large","Title IV postsecondary institution","Degree-granting, associate's and certificates","20,000 and above"
"113856","East Los Angeles College","2014","36012","7739","28273","17231","36012","4351","1673","26149","3839","0","7739","1667","347","5644","81","0","28273","2684","1326","20505","3758","0","0","10","4","67","0","6","0","10","2","10","49","0","10","4","67","0","6","0","10","2","10","49","20,000 and above",,,,,,,,,,,,"5","17258","17258","0","1533","1533","0","15725","15725","0","5","46","48","0","3","6","92","3","6","92",,,,"4002","92","0","0","290","7","59","1","45","R","California","At least 2 but less than 4 years","Public","Degree-granting","City: Small","Title IV postsecondary institution","Degree-granting, associate's and certificates","20,000 and above"
"113980","El Camino Community College District","2014","24207","8298","15909","13639","24207","4430","1500","16152","2125","0","8298","2466","342","5406","84","0","15909","1964","1158","10746","2041","0","0","13","16","49","0","13","4","1","2","14","52","0","13","16","49","0","13","4","1","2","14","52","20,000 and above",,,,,,,,,,,,"10","6915","6915","0","1069","1069","0","5846","5846","0","4","67","29","1","3","7","90","3","7","90",,,,"4080","92","0","0","227","5","123","3","28","R","California","At least 2 but less than 4 years","Public","Degree-granting","Suburb: Large","Title IV postsecondary institution","Degree-granting, associate's and certificates","20,000 and above"
"114266","Evergreen Valley College","2014","9133","2737","6396","4884","9133","1119","729","5477","1808","0","2737","596","142","1751","248","0","6396","523","587","3726","1560","0","1","39","3","40","0","7","2","7","0","39","54","1","39","3","40","0","7","2","7","0","39","54","5,000 - 9,999",,,,,,,,,,,,"7","3180","3180","0","651","651","0","2529","2529","0","5","59","35","1","5","8","87","5","8","87",,,,"1060","95","0","0","29","3","30","3","26","R","California","At least 2 but less than 4 years","Public","Degree-granting","City: Large","Title IV postsecondary institution","Degree-granting, associate's and certificates","5,000 - 9,999"
"114433","Feather River Community College District","2014","1715","746","969","1071","1715","426","235","882","172","0","746","266","95","374","11","0","969","160","140","508","161","0","2","3","14","18","1","56","0","4","2","4","43","2","3","14","18","1","56","0","4","2","4","43","1,000 - 4,999",,,,,,,,,,,,"16","867","867","0","219","219","0","648","648","0","3","44","51","2","2","14","84","2","14","84",,,,"352","83","52","12","0","0","22","5","22","R","California","At least 2 but less than 4 years","Public","Degree-granting","Rural: Fringe","Title IV postsecondary institution","Degree-granting, associate's and certificates","1,000 - 4,999"
"114716","Foothill College","2014","15030","5255","9775","8537","15030","2058","2070","9350","1552","0","5255","1173","571","3396","115","0","9775","885","1499","5954","1437","0","0","24","4","23","1","33","5","2","8","24","49","0","24","4","23","1","33","5","2","8","24","49","10,000 - 19,999",,,,,,,,,,,,"8","5919","5919","0","1085","1085","0","4834","4834","0","5","54","39","1","24","21","54","24","21","54",,,,"1501","73","0","0","410","20","147","7","27","R","California","At least 2 but less than 4 years","Public","Degree-granting","Suburb: Large","Title IV postsecondary institution","Degree-granting, associate's and certificates","10,000 - 19,999"
"114789","Fresno City College","2014","22307","7820","14487","12684","22307","3691","1760","14319","2537","0","7820","1959","543","4812","506","0","14487","1732","1217","9507","2031","0","1","14","6","52","0","23","3","2","0","15","52","1","14","6","52","0","23","3","2","0","15","52","20,000 and above",,,,,,,,,,,,"9","8419","8419","0","1725","1725","0","6694","6694","0","3","59","38","0","3","4","92","3","4","92",,,,"3587","97","0","0","40","1","64","2","25","R","California","At least 2 but less than 4 years","Public","Degree-granting","City: Large","Title IV postsecondary institution","Degree-granting, associate's and certificates","20,000 and above"
"114859","Fullerton College","2014","25051","8828","16223","14275","25051","4401","2502","16087","2061","0","8828","2133","702","5857","136","0","16223","2268","1800","10230","1925","0","0","14","3","52","0","23","3","3","1","14","51","0","14","3","52","0","23","3","3","1","14","51","20,000 and above",,,,,,,,,,,,"9","6208","6208","0","1140","1140","0","5068","5068","0","2","73","25","0","5","13","82","5","13","82",,,,"4297","98","26","1","0","0","78","2","29","R","California","At least 2 but less than 4 years","Public","Degree-granting","Suburb: Large","Title IV postsecondary institution","Degree-granting, associate's and certificates","20,000 and above"
"114938","Gavilan College","2014","5531","1933","3598","3141","5531","996","510","3248","777","0","1933","472","178","1209","74","0","3598","524","332","2039","703","0","1","6","2","56","0","30","2","3","0","6","53","1","6","2","56","0","30","2","3","0","6","53","5,000 - 9,999",,,,,,,,,,,,"9","1938","1938","0","439","439","0","1499","1499","0","7","57","35","2","4","20","77","4","20","77",,,,"990","99","4","0","0","0","2","0","23","R","California","At least 2 but less than 4 years","Public","Degree-granting","Suburb: Small","Title IV postsecondary institution","Degree-granting, associate's and certificates","5,000 - 9,999"
"115001","Glendale Community College","2014","15112","6865","8247","9634","15112","2437","1017","10017","1641","0","6865","1401","372","4687","405","0","8247","1036","645","5330","1236","0","0","10","2","31","0","47","3","2","5","10","55","0","10","2","31","0","47","3","2","5","10","55","10,000 - 19,999",,,,,,,,,,,,"9","5582","5582","0","1881","1881","0","3701","3701","0","3","60","37","1","3","17","80","3","17","80",,,,"2150","88","0","0","192","8","95","4","26","R","California","At least 2 but less than 4 years","Public","Degree-granting","City: Midsize","Title IV postsecondary institution","Degree-granting, associate's and certificates","10,000 - 19,999"
"115126","Golden West College","2014","12394","4394","8000","7080","12394","2298","1576","7592","928","0","4394","1265","318","2730","81","0","8000","1033","1258","4862","847","0","0","28","2","32","1","31","4","1","2","28","53","0","28","2","32","1","31","4","1","2","28","53","10,000 - 19,999",,,,,,,,,,,,"10","3599","3599","0","663","663","0","2936","2936","0","1","69","29","0","11","23","67","11","23","67",,,,"2190","95","19","1","87","4","2","0","31","R","California","At least 2 but less than 4 years","Public","Degree-granting","Suburb: Large","Title IV postsecondary institution","Degree-granting, associate's and certificates","10,000 - 19,999"
"115296","Grossmont College","2014","18040","6471","11569","10355","18040","2942","1712","11703","1683","0","6471","1435","492","4193","351","0","11569","1507","1220","7510","1332","0","0","8","7","32","0","41","7","1","3","9","56","0","8","7","32","0","41","7","1","3","9","56","10,000 - 19,999",,,,,,,,,,,,"8","5674","5674","0","1333","1333","0","4341","4341","0","3","66","31","0","8","14","79","8","14","79",,,,"2690","91","0","0","157","5","95","3","28","R","California","At least 2 but less than 4 years","Public","Degree-granting","Suburb: Large","Title IV postsecondary institution","Degree-granting, associate's and certificates","10,000 - 19,999"
"115393","Hartnell College","2014","9800","3495","6305","5612","9800","2176","696","6289","639","0","3495","888","128","2419","60","0","6305","1288","568","3870","579","0","0","4","2","69","0","14","2","8","0","5","49","0","4","2","69","0","14","2","8","0","5","49","5,000 - 9,999",,,,,,,,,,,,"9","3904","3904","0","516","516","0","3388","3388","0","3","56","40","1","3","10","87","3","10","87",,,,"2140","98","0","0","6","0","30","1","31","R","California","At least 2 but less than 4 years","Public","Degree-granting","City: Midsize","Title IV postsecondary institution","Degree-granting, associate's and certificates","5,000 - 9,999"
"115861","Imperial Valley College","2014","8135","3955","4180","5358","8135","1704","17","5237","1177","0","3955","1152","8","2358","437","0","4180","552","9","2879","740","0","0","1","1","82","0","8","0","7","0","1","57","0","1","1","82","0","8","0","7","0","1","57","5,000 - 9,999",,,,,,,,,,,,"14",,,,,,,,,,,,,,"0","13","87","0","13","87",,,,"1500","88","12","1","50","3","142","8","29","R","California","At least 2 but less than 4 years","Public","Degree-granting","Rural: Fringe","Title IV postsecondary institution","Degree-granting, associate's and certificates","5,000 - 9,999"
"116439","Irvine Valley College","2014","13157","4659","8498","7512","13157","2391","1477","7754","1535","0","4659","1386","291","2869","113","0","8498","1005","1186","4885","1422","0","0","25","2","25","0","35","5","2","6","26","50","0","25","2","25","0","35","5","2","6","26","50","10,000 - 19,999",,,,,,,,,,,,"11","3856","3856","0","519","519","0","3337","3337","0","4","66","29","1","9","18","73","9","18","73",,,,"1962","82","0","0","299","13","130","5","29","R","California","At least 2 but less than 4 years","Public","Degree-granting","City: Midsize","Title IV postsecondary institution","Degree-granting, associate's and certificates","10,000 - 19,999"
"117052","Reedley College","2014","14633","5480","9153","8553","14633","3065","1410","8425","1733","0","5480","1843","417","2824","396","0","9153","1222","993","5601","1337","0","0","7","3","57","0","29","3","1","0","7","57","0","7","3","57","0","29","3","1","0","7","57","10,000 - 19,999",,,,,,,,,,,,"13","3810","3810","0","615","615","0","3195","3195","0","4","70","26","0","7","9","84","7","9","84",,,,"2961","97","0","0","21","1","83","3","27","R","California","At least 2 but less than 4 years","Public","Degree-granting","Town: Distant","Title IV postsecondary institution","Degree-granting, associate's and certificates","10,000 - 19,999"
"117195","Lake Tahoe Community College","2014","2419","692","1727","1272","2419","299","376","1515","229","0","692","126","73","460","33","0","1727","173","303","1055","196","0","0","5","2","25","0","60","4","2","1","5","51","0","5","2","25","0","60","4","2","1","5","51","1,000 - 4,999",,,,,,,,,,,,"5","1191","1191","0","223","223","0","968","968","0","2","46","49","3","17","16","67","17","16","67",,,,"238","80","22","7","15","5","24","8","17","R","California","At least 2 but less than 4 years","Public","Degree-granting","Rural: Fringe","Title IV postsecondary institution","Degree-granting, associate's and certificates","1,000 - 4,999"
"117247","Laney College","2014","10715","1888","8827","4852","10715","1214","1714","6821","966","0","1888","302","184","1344","58","0","8827","912","1530","5477","908","0","0","26","25","20","0","17","5","5","1","27","55","0","26","25","20","0","17","5","5","1","27","55","10,000 - 19,999",,,,,,,,,,,,"3","5403","5403","0","857","857","0","4546","4546","0","4","44","50","2","9","9","82","9","9","82",,,,"1126","93","0","0","26","2","62","5","23","R","California","At least 2 but less than 4 years","Public","Degree-granting","City: Large","Title IV postsecondary institution","Degree-granting, associate's and certificates","10,000 - 19,999"
"117274","Lassen Community College","2014","2557","592","1965","1252","2557","818","374","1099","266","0","592","188","63","331","10","0","1965","630","311","768","256","0","2","4","21","23","2","42","3","4","1","5","25","2","4","21","23","2","42","3","4","1","5","25","1,000 - 4,999",,,,,,,,,,,,"7","1587","1587","0","139","139","0","1448","1448","0","2","34","62","1","4","9","87","4","9","87",,,,"757","93","0","0","11","1","50","6","19","R","California","At least 2 but less than 4 years","Public","Degree-granting","Rural: Fringe","Title IV postsecondary institution","Degree-granting, associate's and certificates","1,000 - 4,999"
"117645","Long Beach City College","2014","24403","9780","14623","14689","24403","4282","2168","16318","1635","0","9780","2494","754","6259","273","0","14623","1788","1414","10059","1362","0","0","11","14","54","1","15","4","0","1","12","55","0","11","14","54","1","15","4","0","1","12","55","20,000 and above",,,,,,,,,,,,"10","8121","8121","0","1852","1852","0","6269","6269","0","2","65","33","1","4","14","82","4","14","82",,,,"4101","96","0","0","62","1","119","3","28","R","California","At least 2 but less than 4 years","Public","Degree-granting","City: Large","Title IV postsecondary institution","Degree-granting, associate's and certificates","20,000 and above"
"117690","Los Angeles Harbor College","2014","10145","2719","7426","5212","10145","1328","905","6474","1438","0","2719","552","129","2011","27","0","7426","776","776","4463","1411","0","0","11","11","58","1","13","3","2","1","12","59","0","11","11","58","1","13","3","2","1","12","59","10,000 - 19,999",,,,,,,,,,,,"5","3309","3309","0","521","521","0","2788","2788","0","8","58","33","1","11","14","75","11","14","75",,,,"1243","94","0","0","58","4","27","2","33","R","California","At least 2 but less than 4 years","Public","Degree-granting","City: Large","Title IV postsecondary institution","Degree-granting, associate's and certificates","10,000 - 19,999"
"117706","Los Angeles Pierce College","2014","21034","5812","15222","10923","21034","3381","1545","13523","2585","0","5812","1335","274","4099","104","0","15222","2046","1271","9424","2481","0","0","11","6","46","0","29","3","4","1","11","54","0","11","6","46","0","29","3","4","1","11","54","20,000 and above",,,,,,,,,,,,"6","6668","6668","0","1241","1241","0","5427","5427","0","6","62","32","1","2","5","93","2","5","93",,,,"3128","93","0","0","117","3","136","4","39","R","California","At least 2 but less than 4 years","Public","Degree-granting","City: Large","Title IV postsecondary institution","Degree-granting, associate's and certificates","20,000 and above"
"117715","Los Angeles Southwest College","2014","6937","1315","5622","3203","6937","826","990","4074","1047","0","1315","196","137","951","31","0","5622","630","853","3123","1016","0","0","2","56","34","0","2","2","3","0","2","69","0","2","56","34","0","2","2","3","0","2","69","5,000 - 9,999",,,,,,,,,,,,"3","3481","3481","0","563","563","0","2918","2918","0","6","43","50","1","9","11","80","9","11","80",,,,"797","96","0","0","14","2","15","2","25","R","California","At least 2 but less than 4 years","Public","Degree-granting","Suburb: Large","Title IV postsecondary institution","Degree-granting, associate's and certificates","5,000 - 9,999"
"117724","Los Angeles Trade Technical College","2014","14688","3786","10902","7446","14688","2247","1782","8740","1919","0","3786","488","269","2959","70","0","10902","1759","1513","5781","1849","0","0","4","22","61","0","6","2","4","1","5","46","0","4","22","61","0","6","2","4","1","5","46","10,000 - 19,999",,,,,,,,,,,,"3","7752","7752","0","1815","1815","0","5937","5937","0","1","45","53","1","3","5","92","3","5","92",,,,"2073","92","0","0","105","5","69","3","35","R","California","At least 2 but less than 4 years","Public","Degree-granting","City: Large","Title IV postsecondary institution","Degree-granting, associate's and certificates","10,000 - 19,999"
"117733","Los Angeles Valley College","2014","18641","4522","14119","9262","18641","2438","1614","12075","2514","0","4522","871","268","3306","77","0","14119","1567","1346","8769","2437","0","0","8","5","50","0","29","2","4","1","8","57","0","8","5","50","0","29","2","4","1","8","57","10,000 - 19,999",,,,,,,,,,,,"5","7318","7318","0","1300","1300","0","6018","6018","0","6","54","39","1","5","7","87","5","7","87",,,,"2237","92","0","0","77","3","124","5","37","R","California","At least 2 but less than 4 years","Public","Degree-granting","City: Large","Title IV postsecondary institution","Degree-granting, associate's and certificates","10,000 - 19,999"
"117788","Los Angeles City College","2014","18756","5072","13684","9666","18756","2190","1956","11807","2803","0","5072","819","289","3742","222","0","13684","1371","1667","8065","2581","0","0","13","10","52","0","18","2","3","2","13","56","0","13","10","52","0","18","2","3","2","13","56","10,000 - 19,999",,,,,,,,,,,,"4","8785","8785","0","2172","2172","0","6613","6613","0","6","46","47","1","9","8","83","9","8","83",,,,"1875","86","0","0","171","8","144","7","36","R","California","At least 2 but less than 4 years","Public","Degree-granting","City: Large","Title IV postsecondary institution","Degree-granting, associate's and certificates","10,000 - 19,999"
"117867","Los Angeles Mission College","2014","10191","2338","7853","4975","10191","1423","894","6170","1704","0","2338","512","106","1544","176","0","7853","911","788","4626","1528","0","0","5","3","76","0","11","1","2","1","5","60","0","5","3","76","0","11","1","2","1","5","60","10,000 - 19,999",,,,,,,,,,,,"5","3486","3486","0","679","679","0","2807","2807","0","7","58","34","1","5","7","87","5","7","87",,,,"1354","95","0","0","44","3","25","2","34","R","California","At least 2 but less than 4 years","Public","Degree-granting","City: Large","Title IV postsecondary institution","Degree-granting, associate's and certificates","10,000 - 19,999"
"117894","Los Medanos College","2014","8695","3060","5635","4952","8695","1324","665","5762","944","0","3060","707","188","2097","68","0","5635","617","477","3665","876","0","0","9","16","37","1","28","7","1","0","10","53","0","9","16","37","1","28","7","1","0","10","53","5,000 - 9,999",,,,,,,,,,,,"8","2707","2707","0","577","577","0","2130","2130","0","3","65","31","0","3","8","89","3","8","89",,,,"1280","97","0","0","9","1","35","3","24","R","California","At least 2 but less than 4 years","Public","Degree-granting","Suburb: Large","Title IV postsecondary institution","Degree-granting, associate's and certificates","5,000 - 9,999"
"118347","College of Marin","2014","5500","1190","4310","2637","5500","663","346","3654","837","0","1190","237","70","850","33","0","4310","426","276","2804","804","0","0","8","7","25","0","51","5","2","1","8","59","0","8","7","25","0","51","5","2","1","8","59","5,000 - 9,999",,,,,,,,,,,,"4","2641","2641","0","311","311","0","2330","2330","0","4","42","48","6","2","5","93","2","5","93",,,,"648","98","10","2","0","0","5","1","17","R","California","At least 2 but less than 4 years","Public","Degree-granting","Suburb: Large","Title IV postsecondary institution","Degree-granting, associate's and certificates","5,000 - 9,999"
"118684","Mendocino College","2014","3769","1168","2601","2041","3769","511","289","2351","618","0","1168","230","80","821","37","0","2601","281","209","1530","581","0","5","3","3","26","1","60","2","1","0","3","61","5","3","3","26","1","60","2","1","0","3","61","1,000 - 4,999",,,,,,,,,,,,"6","1549","1549","0","325","325","0","1224","1224","0","9","44","41","5","15","18","67","15","18","67",,,,"447","87","0","0","15","3","49","10","16","R","California","At least 2 but less than 4 years","Public","Degree-granting","Rural: Fringe","Title IV postsecondary institution","Degree-granting, associate's and certificates","1,000 - 4,999"
"118718","Merced College","2014","10214","4956","5258","6721","10214","1528","471","7054","1161","0","4956","1064","215","3430","247","0","5258","464","256","3624","914","0","0","10","4","57","0","24","3","1","1","10","56","0","10","4","57","0","24","3","1","1","10","56","10,000 - 19,999",,,,,,,,,,,,"10","2980","2980","0","990","990","0","1990","1990","0","3","67","29","0","3","14","83","3","14","83",,,,"1447","95","0","0","31","2","50","3","28","R","California","At least 2 but less than 4 years","Public","Degree-granting","City: Small","Title IV postsecondary institution","Degree-granting, associate's and certificates","10,000 - 19,999"
"118772","Merritt College","2014","6055","1065","4990","2740","6055","680","1302","3681","392","0","1065","189","205","667","4","0","4990","491","1097","3014","388","0","0","15","30","24","1","18","5","6","0","15","66","0","15","30","24","1","18","5","6","0","15","66","5,000 - 9,999",,,,,,,,,,,,"3","3285","3285","0","540","540","0","2745","2745","0","3","41","54","2","11","9","80","11","9","80",,,,"644","95","0","0","6","1","30","4","24","R","California","At least 2 but less than 4 years","Public","Degree-granting","City: Large","Title IV postsecondary institution","Degree-granting, associate's and certificates","5,000 - 9,999"
"118912","MiraCosta College","2014","14687","5024","9663","8268","14687","2768","1445","9642","832","0","5024","1366","414","3196","48","0","9663","1402","1031","6446","784","0","0","6","3","34","0","45","7","2","1","7","56","0","6","3","34","0","45","7","2","1","7","56","10,000 - 19,999",,,,,,,,,,,,"9","5337","5337","0","1140","1140","0","4197","4197","0","3","60","36","1","14","25","61","14","25","61",,,,"2560","92","0","0","84","3","124","4","29","R","California","At least 2 but less than 4 years","Public","Degree-granting","Suburb: Large","Title IV postsecondary institution","Degree-granting, associate's and certificates","10,000 - 19,999"
"118930","Mission College","2014","8435","2095","6340","4224","8435","757","978","5002","1698","0","2095","302","148","1410","235","0","6340","455","830","3592","1463","0","0","44","4","26","1","18","4","2","2","45","55","0","44","4","26","1","18","4","2","2","45","55","5,000 - 9,999",,,,,,,,,,,,"4","4126","4126","0","677","677","0","3449","3449","0","4","46","49","1","13","18","69","13","18","69",,,,"667","88","0","0","68","9","22","3","21","R","California","At least 2 but less than 4 years","Public","Degree-granting","City: Midsize","Title IV postsecondary institution","Degree-granting, associate's and certificates","5,000 - 9,999"
"118976","Modesto Junior College","2014","17578","6279","11299","10072","17578","3076","830","12347","1325","0","6279","1483","297","4365","134","0","11299","1593","533","7982","1191","0","1","6","3","44","1","39","3","3","0","7","58","1","6","3","44","1","39","3","3","0","7","58","10,000 - 19,999",,,,,,,,,,,,"8","5875","5875","0","1301","1301","0","4574","4574","0","3","63","33","0","11","25","64","11","25","64",,,,"3028","98","0","0","13","0","35","1","32","R","California","At least 2 but less than 4 years","Public","Degree-granting","City: Midsize","Title IV postsecondary institution","Degree-granting, associate's and certificates","10,000 - 19,999"
"119067","Monterey Peninsula College","2014","7727","2410","5317","4195","7727","1166","932","4969","660","0","2410","580","210","1593","27","0","5317","586","722","3376","633","0","0","8","4","36","1","42","5","3","1","9","53","0","8","4","36","1","42","5","3","1","9","53","5,000 - 9,999",,,,,,,,,,,,"8","3168","3168","0","497","497","0","2671","2671","0","4","51","41","4","7","17","76","7","17","76",,,,"1093","94","0","0","21","2","52","4","24","R","California","At least 2 but less than 4 years","Public","Degree-granting","Suburb: Midsize","Title IV postsecondary institution","Degree-granting, associate's and certificates","5,000 - 9,999"
"119137","Moorpark College","2014","13880","5586","8294","8371","13880","2810","1089","9281","700","0","5586","1721","351","3487","27","0","8294","1089","738","5794","673","0","0","9","2","31","0","51","5","1","1","9","51","0","9","2","31","0","51","5","1","1","9","51","10,000 - 19,999",,,,,,,,,,,,"12","3017","3017","0","506","506","0","2511","2511","0","3","75","22","0","5","11","84","5","11","84",,,,"2763","98","19","1","0","0","28","1","34","R","California","At least 2 but less than 4 years","Public","Degree-granting","Suburb: Midsize","Title IV postsecondary institution","Degree-granting, associate's and certificates","10,000 - 19,999"
"119164","Mt San Antonio College","2014","29045","10501","18544","16727","29045","4644","1771","20048","2582","0","10501","2561","554","7189","197","0","18544","2083","1217","12859","2385","0","0","17","4","60","0","12","3","1","2","18","51","0","17","4","60","0","12","3","1","2","18","51","20,000 and above",,,,,,,,,,,,"9","8604","8604","0","2009","2009","0","6595","6595","0","2","68","30","0","2","6","92","2","6","92",,,,"4459","96","15","0","164","4","6","0","26","R","California","At least 2 but less than 4 years","Public","Degree-granting","Suburb: Large","Title IV postsecondary institution","Degree-granting, associate's and certificates","20,000 and above"
"119216","Mt San Jacinto Community College District","2014","14580","5114","9466","8292","14580","2696","1150","9849","885","0","5114","1136","413","3497","68","0","9466","1560","737","6352","817","0","1","5","8","45","0","34","5","2","0","6","58","1","5","8","45","0","34","5","2","0","6","58","10,000 - 19,999",,,,,,,,,,,,"8",,,,,,,,,,,,,,"10","21","69","10","21","69",,,,"2566","95","3","0","115","4","12","0","29","R","California","At least 2 but less than 4 years","Public","Degree-granting","Suburb: Midsize","Title IV postsecondary institution","Degree-granting, associate's and certificates","10,000 - 19,999"
"119331","Napa Valley College","2014","6348","2249","4099","3625","6348","1055","499","4198","596","0","2249","530","164","1533","22","0","4099","525","335","2665","574","0","0","14","7","38","0","32","5","2","0","15","56","0","14","7","38","0","32","5","2","0","15","56","5,000 - 9,999",,,,,,,,,,,,"8","1971","1971","0","358","358","0","1613","1613","0","3","65","31","2","6","15","79","6","15","79",,,,"1015","96","0","0","10","1","30","3","21","R","California","At least 2 but less than 4 years","Public","Degree-granting","City: Small","Title IV postsecondary institution","Degree-granting, associate's and certificates","5,000 - 9,999"
"120290","Ohlone College","2014","11318","3180","8138","5912","11318","2424","1413","6256","1225","0","3180","776","144","2142","118","0","8138","1648","1269","4114","1107","0","0","31","4","19","1","19","5","17","3","32","47","0","31","4","19","1","19","5","17","3","32","47","10,000 - 19,999",,,,,,,,,,,,"7","4952","4952","0","409","409","0","4543","4543","0","5","50","44","1","6","19","75","6","19","75",,,,"2296","95","12","0","104","4","12","0","26","R","California","At least 2 but less than 4 years","Public","Degree-granting","Suburb: Large","Title IV postsecondary institution","Degree-granting, associate's and certificates","10,000 - 19,999"
"120342","Orange Coast College","2014","21775","8589","13186","13016","21775","3958","2050","14488","1279","0","8589","2285","521","5675","108","0","13186","1673","1529","8813","1171","0","0","20","2","34","0","34","4","2","4","20","48","0","20","2","34","0","34","4","2","4","20","48","20,000 and above",,,,,,,,,,,,"10","6230","6230","0","1275","1275","0","4955","4955","0","2","69","29","0","3","12","85","3","12","85",,,,"3509","89","71","2","369","9","9","0","33","R","California","At least 2 but less than 4 years","Public","Degree-granting","City: Midsize","Title IV postsecondary institution","Degree-granting, associate's and certificates","20,000 and above"
"120421","Oxnard College","2014","7148","1981","5167","3716","7148","1161","908","4583","496","0","1981","585","147","1235","14","0","5167","576","761","3348","482","0","0","5","3","72","0","16","3","1","0","6","53","0","5","3","72","0","16","3","1","0","6","53","5,000 - 9,999",,,,,,,,,,,,"8","2445","2445","0","396","396","0","2049","2049","0","3","63","34","0","11","16","73","11","16","73",,,,"1153","99","8","1","0","0","0","0","32","R","California","At least 2 but less than 4 years","Public","Degree-granting","City: Midsize","Title IV postsecondary institution","Degree-granting, associate's and certificates","5,000 - 9,999"
"120953","Palo Verde College","2014","3446","537","2909","1514","3446","573","318","2090","465","0","537","89","27","392","29","0","2909","484","291","1698","436","0","1","5","13","37","0","37","2","4","0","6","25","1","5","13","37","0","37","2","4","0","6","25","1,000 - 4,999",,,,,,,,,,,,"3","2688","2688","0","226","226","0","2462","2462","0","3","18","78","1","42","11","47","42","11","47",,,,"561","98","0","0","3","1","9","2","33","R","California","At least 2 but less than 4 years","Public","Degree-granting","Rural: Distant","Title IV postsecondary institution","Degree-granting, associate's and certificates","1,000 - 4,999"
"120971","Palomar College","2014","24914","8192","16722","13806","24914","4048","1942","16599","2325","0","8192","2036","588","5408","160","0","16722","2012","1354","11191","2165","0","1","7","3","38","1","42","4","3","1","7","45","1","7","3","38","1","42","4","3","1","7","45","20,000 and above",,,,,,,,,,,,"8","8535","8535","0","1531","1531","0","7004","7004","0","4","61","34","1","7","24","69","7","24","69",,,,"3837","95","0","0","101","2","110","3","26","R","California","At least 2 but less than 4 years","Public","Degree-granting","Suburb: Large","Title IV postsecondary institution","Degree-granting, associate's and certificates","20,000 and above"
"121044","Pasadena City College","2014","26611","10401","16210","15843","26611","5144","2099","17657","1711","0","10401","2929","582","6814","76","0","16210","2215","1517","10843","1635","0","0","23","5","49","0","9","9","1","4","23","52","0","23","5","49","0","9","9","1","4","23","52","20,000 and above",,,,,,,,,,,,"11","7462","7462","0","1443","1443","0","6019","6019","0","3","69","28","0","3","14","83","3","14","83",,,,"4791","93","71","1","267","5","15","0","20","R","California","At least 2 but less than 4 years","Public","Degree-granting","City: Midsize","Title IV postsecondary institution","Degree-granting, associate's and certificates","20,000 and above"
"121363","Porterville College","2014","3791","1690","2101","2395","3791","647","221","2451","472","0","1690","433","59","1115","83","0","2101","214","162","1336","389","0","1","3","1","75","0","17","2","0","0","3","60","1","3","1","75","0","17","2","0","0","3","60","1,000 - 4,999",,,,,,,,,,,,"11","1178","1178","0","313","313","0","865","865","0","2","66","31","0","6","11","82","6","11","82",,,,"636","98","0","0","2","0","9","1","27","R","California","At least 2 but less than 4 years","Public","Degree-granting","City: Small","Title IV postsecondary institution","Degree-granting, associate's and certificates","1,000 - 4,999"
"121619","Santa Ana College","2014","29590","4948","24642","13221","29590","4504","2141","20798","2147","0","4948","1404","271","3193","80","0","24642","3100","1870","17605","2067","0","0","8","1","51","0","21","1","15","1","8","38","0","8","1","51","0","21","1","15","1","8","38","20,000 and above",,,,,,,,,,,,"5","16662","16662","0","924","924","0","15738","15738","0","3","40","56","1","4","7","90","4","7","90",,,,"4355","97","7","0","133","3","9","0","38","R","California","At least 2 but less than 4 years","Public","Degree-granting","City: Large","Title IV postsecondary institution","Degree-granting, associate's and certificates","20,000 and above"
"121707","College of the Redwoods","2014","4965","1954","3011","2965","4965","625","306","1704","2330","0","1954","334","169","698","753","0","3011","291","137","1006","1577","0","6","3","2","18","1","57","7","6","0","4","55","6","3","2","18","1","57","7","6","0","4","55","1,000 - 4,999",,,,,,,,,,,,"7",,,,,,,,,,,,,,"6","10","84","6","10","84",,,,"582","93","29","5","0","0","14","2","19","R","California","At least 2 but less than 4 years","Public","Degree-granting","Rural: Fringe","Title IV postsecondary institution","Degree-granting, associate's and certificates","1,000 - 4,999"
"121886","Rio Hondo College","2014","16263","3800","12463","7984","16263","2232","1206","10477","2348","0","3800","786","248","2658","108","0","12463","1446","958","7819","2240","0","0","7","1","81","0","8","1","2","0","7","47","0","7","1","81","0","8","1","2","0","7","47","10,000 - 19,999",,,,,,,,,,,,"5","5289","5289","0","607","607","0","4682","4682","0","3","65","33","0","9","13","78","9","13","78",,,,"2220","99","4","0","8","0","0","0","29","R","California","At least 2 but less than 4 years","Public","Degree-granting","Suburb: Large","Title IV postsecondary institution","Degree-granting, associate's and certificates","10,000 - 19,999"
"121901","Riverside City College","2014","18547","5135","13412","9638","18547","3284","1487","11776","2000","0","5135","1526","321","3130","158","0","13412","1758","1166","8646","1842","0","0","6","8","57","0","21","4","1","2","6","56","0","6","8","57","0","21","4","1","2","6","56","10,000 - 19,999",,,,,,,,,,,,"8","5306","5306","0","804","804","0","4502","4502","0","3","69","29","0","8","10","82","8","10","82",,,,"3161","96","0","0","69","2","54","2","27","R","California","At least 2 but less than 4 years","Public","Degree-granting","City: Large","Title IV postsecondary institution","Degree-granting, associate's and certificates","10,000 - 19,999"
"122180","Sacramento City College","2014","23317","6063","17254","11856","23317","4910","2363","14233","1811","0","6063","1354","438","4097","174","0","17254","3556","1925","10136","1637","0","1","20","12","29","1","27","6","2","2","21","57","1","20","12","29","1","27","6","2","2","21","57","20,000 and above",,,,,,,,,,,,"6","8430","8430","0","1587","1587","0","6843","6843","0","3","60","36","1","7","13","80","7","13","80",,,,"4451","91","0","0","278","6","181","4","28","R","California","At least 2 but less than 4 years","Public","Degree-granting","City: Large","Title IV postsecondary institution","Degree-granting, associate's and certificates","20,000 and above"
"122205","Saddleback College","2014","20007","6015","13992","10713","20007","2978","1690","13872","1467","0","6015","1321","385","4245","64","0","13992","1657","1305","9627","1403","0","0","9","2","25","0","54","5","2","2","9","54","0","9","2","25","0","54","5","2","2","9","54","20,000 and above",,,,,,,,,,,,"7","6890","6890","0","1052","1052","0","5838","5838","0","2","62","34","1","17","21","62","17","21","62",,,,"2586","87","0","0","224","8","168","6","26","R","California","At least 2 but less than 4 years","Public","Degree-granting","Suburb: Large","Title IV postsecondary institution","Degree-granting, associate's and certificates","20,000 and above"
"122339","San Diego City College","2014","16298","3666","12632","7907","16298","2359","2321","9240","2378","0","3666","978","349","2197","142","0","12632","1381","1972","7043","2236","0","0","9","12","48","0","23","4","2","1","9","52","0","9","12","48","0","23","4","2","1","9","52","10,000 - 19,999",,,,,,,,,,,,"6","7066","7066","0","1032","1032","0","6034","6034","0","1","55","43","1","13","12","75","13","12","75",,,,"2240","95","0","0","16","1","103","4","27","R","California","At least 2 but less than 4 years","Public","Degree-granting","City: Large","Title IV postsecondary institution","Degree-granting, associate's and certificates","10,000 - 19,999"
"122375","San Diego Mesa College","2014","24159","5874","18285","12013","24159","3683","3501","13654","3321","0","5874","1398","731","3635","110","0","18285","2285","2770","10019","3211","0","0","16","7","33","1","32","6","2","3","17","52","0","16","7","33","1","32","6","2","3","17","52","20,000 and above",,,,,,,,,,,,"6","8487","8487","0","1195","1195","0","7292","7292","0","5","59","35","0","12","11","77","12","11","77",,,,"3132","85","0","0","190","5","361","10","30","R","California","At least 2 but less than 4 years","Public","Degree-granting","City: Large","Title IV postsecondary institution","Degree-granting, associate's and certificates","20,000 and above"
"122384","San Diego Miramar College","2014","11876","2282","9594","5503","11876","1760","2092","6870","1154","0","2282","690","285","1217","90","0","9594","1070","1807","5653","1064","0","0","23","5","24","1","37","6","3","0","23","44","0","23","5","24","1","37","6","3","0","23","44","10,000 - 19,999",,,,,,,,,,,,"6","5649","5649","0","581","581","0","5068","5068","0","1","51","48","0","19","12","69","19","12","69",,,,"1638","93","0","0","25","1","97","6","30","R","California","At least 2 but less than 4 years","Public","Degree-granting","City: Large","Title IV postsecondary institution","Degree-granting, associate's and certificates","10,000 - 19,999"
"122658","San Joaquin Delta College","2014","18572","7526","11046","11235","18572","3531","907","11449","2685","0","7526","2109","358","4720","339","0","11046","1422","549","6729","2346","0","0","17","10","43","0","23","5","1","0","18","57","0","17","10","43","0","23","5","1","0","18","57","10,000 - 19,999",,,,,,,,,,,,"11","5887","5887","0","1613","1613","0","4274","4274","0","4","64","32","0","15","23","62","15","23","62",,,,"3316","94","0","0","0","0","215","6","38","R","California","At least 2 but less than 4 years","Public","Degree-granting","City: Large","Title IV postsecondary institution","Degree-granting, associate's and certificates","10,000 - 19,999"
"122746","San Jose City College","2014","9072","2251","6821","4541","9072","941","1251","5462","1418","0","2251","404","266","1462","119","0","6821","537","985","4000","1299","0","0","24","7","41","1","17","4","5","0","25","56","0","24","7","41","1","17","4","5","0","25","56","5,000 - 9,999",,,,,,,,,,,,"4","4485","4485","0","733","733","0","3752","3752","0","3","46","49","1","6","10","84","6","10","84",,,,"845","90","13","1","39","4","44","5","24","R","California","At least 2 but less than 4 years","Public","Degree-granting","City: Large","Title IV postsecondary institution","Degree-granting, associate's and certificates","5,000 - 9,999"
"122791","College of San Mateo","2014","8935","2227","6708","4479","8935","1519","980","5482","954","0","2227","654","138","1394","41","0","6708","865","842","4088","913","0","0","24","3","31","2","30","5","2","3","26","50","0","24","3","31","2","30","5","2","3","26","50","5,000 - 9,999",,,,,,,,,,,,"7",,,,,,,,,,,,,,"1","1","98","1","1","98",,,,"1443","95","5","0","0","0","71","5","24","R","California","At least 2 but less than 4 years","Public","Degree-granting","Suburb: Large","Title IV postsecondary institution","Degree-granting, associate's and certificates","5,000 - 9,999"
"122889","Santa Barbara City College","2014","17927","8356","9571","11569","17927","4302","1306","10218","2101","0","8356","3057","479","4491","329","0","9571","1245","827","5727","1772","0","0","5","4","33","0","41","5","4","8","5","53","0","5","4","33","0","41","5","4","8","5","53","10,000 - 19,999",,,,,,,,,,,,"17","5574","5574","0","1106","1106","0","4468","4468","0","4","64","31","1","14","19","66","14","19","66",,,,"2413","56","0","0","1372","32","517","12","49","R","California","At least 2 but less than 4 years","Public","Degree-granting","City: Small","Title IV postsecondary institution","Degree-granting, associate's and certificates","10,000 - 19,999"
"122977","Santa Monica College","2014","30158","10861","19297","17340","30158","6012","1932","19851","2363","0","10861","3236","484","6943","198","0","19297","2776","1448","12908","2165","0","0","10","9","38","0","26","4","1","11","11","52","0","10","9","38","0","26","4","1","11","11","52","20,000 and above",,,,,,,,,,,,"11","8059","8059","0","1411","1411","0","6648","6648","0","3","70","27","1","8","15","77","8","15","77",,,,"4409","73","0","0","915","15","688","11","30","R","California","At least 2 but less than 4 years","Public","Degree-granting","City: Small","Title IV postsecondary institution","Degree-granting, associate's and certificates","20,000 and above"
"123013","Santa Rosa Junior College","2014","23144","7125","16019","12503","23144","3068","1250","16016","2810","0","7125","1579","339","5064","143","0","16019","1489","911","10952","2667","0","1","5","3","31","0","55","5","1","0","5","55","1","5","3","31","0","55","5","1","0","5","55","20,000 and above",,,,,,,,,,,,"7","9167","9167","0","1502","1502","0","7665","7665","0","5","55","40","1","6","12","82","6","12","82",,,,"2901","95","0","0","64","2","103","3","23","R","California","At least 2 but less than 4 years","Public","Degree-granting","City: Midsize","Title IV postsecondary institution","Degree-granting, associate's and certificates","20,000 and above"
"123217","College of the Sequoias","2014","10647","4762","5885","6738","10647","2060","592","6998","997","0","4762","1411","258","2976","117","0","5885","649","334","4022","880","0","0","4","3","62","0","25","3","1","0","5","56","0","4","3","62","0","25","3","1","0","5","56","10,000 - 19,999",,,,,,,,,,,,"13","3106","3106","0","810","810","0","2296","2296","0","5","66","29","0","4","15","81","4","15","81",,,,"2045","99","4","0","10","0","1","0","30","R","California","At least 2 but less than 4 years","Public","Degree-granting","City: Midsize","Title IV postsecondary institution","Degree-granting, associate's and certificates","10,000 - 19,999"
"123299","Shasta College","2014","8342","3480","4862","5112","8342","1425","368","5303","1246","0","3480","664","172","2414","230","0","4862","761","196","2889","1016","0","3","3","1","14","0","70","4","3","0","4","58","3","3","1","14","0","70","4","3","0","4","58","5,000 - 9,999",,,,,,,,,,,,"8","3065","3065","0","1093","1093","0","1972","1972","0","12","50","37","1","17","26","56","17","26","56",,,,"1346","94","0","0","18","1","61","4","25","R","California","At least 2 but less than 4 years","Public","Degree-granting","Suburb: Midsize","Title IV postsecondary institution","Degree-granting, associate's and certificates","5,000 - 9,999"
"123341","Sierra College","2014","18565","6828","11737","10769","18565","3505","1305","12486","1269","0","6828","1816","402","4444","166","0","11737","1689","903","8042","1103","0","1","5","3","26","0","59","5","1","1","5","54","1","5","3","26","0","59","5","1","1","5","54","10,000 - 19,999",,,,,,,,,,,,"10","6203","6203","0","1397","1397","0","4806","4806","0","3","63","33","1","9","14","77","9","14","77",,,,"3413","97","31","1","59","2","2","0","26","R","California","At least 2 but less than 4 years","Public","Degree-granting","Suburb: Large","Title IV postsecondary institution","Degree-granting, associate's and certificates","10,000 - 19,999"
"123484","College of the Siskiyous","2014","2060","827","1233","1241","2060","307","253","1212","288","0","827","208","96","499","24","0","1233","99","157","713","264","0","2","3","4","13","1","60","5","10","0","4","50","2","3","4","13","1","60","5","10","0","4","50","1,000 - 4,999",,,,,,,,,,,,"10","976","976","0","268","268","0","708","708","0","6","44","47","3","19","30","50","19","30","50",,,,"249","81","57","19","0","0","1","0","15","R","California","At least 2 but less than 4 years","Public","Degree-granting","Town: Remote","Title IV postsecondary institution","Degree-granting, associate's and certificates","1,000 - 4,999"
"123509","Skyline College","2014","9820","2459","7361","4930","9820","1104","1135","6451","1130","0","2459","494","174","1761","30","0","7361","610","961","4690","1100","0","0","38","3","30","1","20","5","2","1","39","53","0","38","3","30","1","20","5","2","1","39","53","5,000 - 9,999",,,,,,,,,,,,"5","3391","3391","0","406","406","0","2985","2985","0","5","60","35","1","3","7","90","3","7","90",,,,"1057","96","1","0","0","0","46","4","25","R","California","At least 2 but less than 4 years","Public","Degree-granting","Suburb: Large","Title IV postsecondary institution","Degree-granting, associate's and certificates","5,000 - 9,999"
"123527","San Bernardino Valley College","2014","12965","4673","8292","7457","12965","2038","1015","8537","1375","0","4673","983","294","3306","90","0","8292","1055","721","5231","1285","0","0","4","12","65","0","14","3","0","0","5","57","0","4","12","65","0","14","3","0","0","5","57","10,000 - 19,999",,,,,,,,,,,,"8","5067","5067","0","1297","1297","0","3770","3770","0","3","57","39","0","8","26","66","8","26","66",,,,"1952","96","0","0","86","4","0","0","28","R","California","At least 2 but less than 4 years","Public","Degree-granting","City: Midsize","Title IV postsecondary institution","Degree-granting, associate's and certificates","10,000 - 19,999"
"123563","Solano Community College","2014","9824","3340","6484","5517","9824","1307","758","6385","1374","0","3340","651","254","2295","140","0","6484","656","504","4090","1234","0","0","14","16","26","1","31","9","2","0","15","59","0","14","16","26","1","31","9","2","0","15","59","5,000 - 9,999",,,,,,,,,,,,"7","3728","3728","0","775","775","0","2953","2953","0","5","56","38","1","8","22","69","8","22","69",,,,"1294","99","0","0","13","1","0","0","23","R","California","At least 2 but less than 4 years","Public","Degree-granting","Suburb: Midsize","Title IV postsecondary institution","Degree-granting, associate's and certificates","5,000 - 9,999"
"123800","Southwestern College","2014","19000","7642","11358","11455","19000","2912","1109","13036","1943","0","7642","1671","397","5222","352","0","11358","1241","712","7814","1591","0","2","12","6","51","1","27","0","1","0","13","53","2","12","6","51","1","27","0","1","0","13","53","10,000 - 19,999",,,,,,,,,,,,"9","6017","6017","0","1459","1459","0","4558","4558","0","4","64","32","0","9","26","65","9","26","65",,,,"2839","97","0","0","0","0","73","3","28","R","California","At least 2 but less than 4 years","Public","Degree-granting","Suburb: Large","Title IV postsecondary institution","Degree-granting, associate's and certificates","10,000 - 19,999"
"124113","Taft College","2014","5217","1230","3987","2569","5217","1324","657","2849","387","0","1230","358","73","727","72","0","3987","966","584","2122","315","0","1","3","6","54","0","33","3","0","0","3","39","1","3","6","54","0","33","3","0","0","3","39","5,000 - 9,999",,,,,,,,,,,,"7","2643","2643","0","234","234","0","2409","2409","0","2","47","51","0","18","17","65","18","17","65",,,,"1296","98","22","2","0","0","6","0","31","R","California","At least 2 but less than 4 years","Public","Degree-granting","Town: Distant","Title IV postsecondary institution","Degree-granting, associate's and certificates","5,000 - 9,999"
"125028","Ventura College","2014","12928","4330","8598","7217","12928","2120","1072","8571","1165","0","4330","1274","222","2805","29","0","8598","846","850","5766","1136","0","0","5","2","57","0","30","4","2","0","5","55","0","5","2","57","0","30","4","2","0","5","55","10,000 - 19,999",,,,,,,,,,,,"10","3706","3706","0","625","625","0","3081","3081","0","6","65","29","1","8","14","77","8","14","77",,,,"2082","98","28","1","0","0","10","0","32","R","California","At least 2 but less than 4 years","Public","Degree-granting","City: Midsize","Title IV postsecondary institution","Degree-granting, associate's and certificates","10,000 - 19,999"
"125091","Victor Valley College","2014","11557","4182","7375","6658","11557","2109","643","7059","1746","0","4182","1087","267","2615","213","0","7375","1022","376","4444","1533","0","0","2","12","48","0","31","5","1","0","3","57","0","2","12","48","0","31","5","1","0","3","57","10,000 - 19,999",,,,,,,,,,,,"9","4123","4123","0","1096","1096","0","3027","3027","0","4","60","36","0","11","21","67","11","21","67",,,,"1999","95","0","0","0","0","110","5","26","R","California","At least 2 but less than 4 years","Public","Degree-granting","City: Midsize","Title IV postsecondary institution","Degree-granting, associate's and certificates","10,000 - 19,999"
"125170","Berkeley City College","2014","6378","1272","5106","2986","6378","877","1420","3641","440","0","1272","325","232","705","10","0","5106","552","1188","2936","430","0","0","16","19","25","0","27","7","5","1","16","55","0","16","19","25","0","27","7","5","1","16","55","5,000 - 9,999",,,,,,,,,,,,"5","2494","2494","0","292","292","0","2202","2202","0","4","56","39","1","10","13","77","10","13","77",,,,"801","91","0","0","21","2","55","6","28","R","California","At least 2 but less than 4 years","Public","Degree-granting","City: Midsize","Title IV postsecondary institution","Degree-granting, associate's and certificates","5,000 - 9,999"
"125462","West Hills College-Coalinga","2014","2650","869","1781","1467","2650","541","353","1640","116","0","869","263","76","525","5","0","1781","278","277","1115","111","0","1","4","7","63","0","18","2","3","2","4","60","1","4","7","63","0","18","2","3","2","4","60","1,000 - 4,999",,,,,,,,,,,,"10","773","773","0","111","111","0","662","662","0","8","63","29","0","36","31","33","36","31","33",,,,"465","86","0","0","11","2","65","12","27","R","California","At least 2 but less than 4 years","Public","Degree-granting","Town: Distant","Title IV postsecondary institution","Degree-granting, associate's and certificates","1,000 - 4,999"
"125471","West Los Angeles College","2014","10641","2105","8536","4971","10641","1508","1459","6325","1349","0","2105","437","167","1481","20","0","8536","1071","1292","4844","1329","0","0","5","30","42","0","13","4","4","2","6","58","0","5","30","42","0","13","4","4","2","6","58","10,000 - 19,999",,,,,,,,,,,,"4","4946","4946","0","750","750","0","4196","4196","0","4","49","46","1","21","19","60","21","19","60",,,,"1341","89","0","0","108","7","59","4","30","R","California","At least 2 but less than 4 years","Public","Degree-granting","Suburb: Large","Title IV postsecondary institution","Degree-granting, associate's and certificates","10,000 - 19,999"
"125499","West Valley College","2014","9062","2799","6263","4902","9062","1219","931","5586","1326","0","2799","626","190","1803","180","0","6263","593","741","3783","1146","0","0","16","3","25","0","46","5","3","1","17","56","0","16","3","25","0","46","5","3","1","17","56","5,000 - 9,999",,,,,,,,,,,,"7",,,,,,,,,,,,,,"15","23","61","15","23","61",,,,"1135","93","0","0","39","3","45","4","22","R","California","At least 2 but less than 4 years","Public","Degree-granting","Suburb: Large","Title IV postsecondary institution","Degree-granting, associate's and certificates","5,000 - 9,999"
"126119","Yuba College","2014","6640","2765","3875","4066","6640","1267","469","4326","578","0","2765","784","143","1787","51","0","3875","483","326","2539","527","0","1","11","4","31","0","43","6","4","0","12","60","1","11","4","31","0","43","6","4","0","12","60","5,000 - 9,999",,,,,,,,,,,,"12","2416","2416","0","643","643","0","1773","1773","0","5","58","36","0","13","17","70","13","17","70",,,,"1199","95","0","0","7","1","61","5","27","R","California","At least 2 but less than 4 years","Public","Degree-granting","Suburb: Midsize","Title IV postsecondary institution","Degree-granting, associate's and certificates","5,000 - 9,999"
"262086","University of Massachusetts Global","2014","7795","2986","4809","4850","3990","47","847","2861","235","3805","1478","29","303","1121","25","1508","2512","18","544","1740","210","2297","1","5","10","25","1","49","4","6","0","5","63","1","3","10","29","1","45","4","7","0","5","61","5,000 - 9,999","0","6","10","21","1","54","4","4","0","6","65","1","6970","3300","3670","2663","1225","1438","4307","2075","2232","0","17","83","0","54","24","21","56","28","16","52","20","28","36","77","9","19","0","0","2","4","15","R","California","Four or more years","Private not-for-profit","Degree-granting","City: Midsize","Title IV postsecondary institution","Degree-granting, primarily baccalaureate or above","5,000 - 9,999"
"366401","Las Positas College","2014","8835","2854","5981","4862","8835","1630","889","5625","691","0","2854","820","154","1845","35","0","5981","810","735","3780","656","0","0","15","4","29","0","42","7","1","1","16","50","0","15","4","29","0","42","7","1","1","16","50","5,000 - 9,999",,,,,,,,,,,,"9","2724","2724","0","325","325","0","2399","2399","0","2","67","31","0","10","19","71","10","19","71",,,,"1564","96","2","0","47","3","17","1","27","R","California","At least 2 but less than 4 years","Public","Degree-granting","Rural: Fringe","Title IV postsecondary institution","Degree-granting, associate's and certificates","5,000 - 9,999"
"371690","Downey Adult School","2014","1210","438","772","697","1210","1092","0","118","0","0","438","374","0","64","0","0","772","718","0","54","0","0","0","5","4","81","0","8","0","0","0","5","82","0","5","4","81","0","8","0","0","0","5","82","1,000 - 4,999",,,,,,,,,,,,"31",,,,,,,,,,,,,,"0","0","100","0","0","100",,,,"1092","100","0","0","0","0","0","0","30","R","California","At least 2 but less than 4 years","Public","Nondegree-granting, primarily postsecondary","Suburb: Large","Title IV NOT primarily postsecondary institution","Nondegree-granting, sub-baccalaureate","1,000 - 4,999"
"395362","Copper Mountain Community College","2014","1652","686","966","1010","1652","276","105","992","279","0","686","179","34","410","63","0","966","97","71","582","216","0","1","4","5","25","0","57","6","1","0","4","64","1","4","5","25","0","57","6","1","0","4","64","1,000 - 4,999",,,,,,,,,,,,"11","748","748","0","269","269","0","479","479","0","2","52","45","1","3","17","80","3","17","80",,,,"270","98","1","0","0","0","5","2","15","R","California","At least 2 but less than 4 years","Public","Degree-granting","Rural: Distant","Title IV postsecondary institution","Degree-granting, associate's and certificates","1,000 - 4,999"
"399212","Santiago Canyon College","2014","11202","2950","8252","5721","11202","2118","1219","7297","568","0","2950","1124","161","1613","52","0","8252","994","1058","5684","516","0","0","7","2","46","0","37","4","4","1","7","41","0","7","2","46","0","37","4","4","1","7","41","10,000 - 19,999",,,,,,,,,,,,"10","3430","3430","0","166","166","0","3264","3264","0","2","67","31","0","5","9","86","5","9","86",,,,"2065","97","12","1","38","2","3","0","38","R","California","At least 2 but less than 4 years","Public","Degree-granting","City: Midsize","Title IV postsecondary institution","Degree-granting, associate's and certificates","10,000 - 19,999"
"444219","Folsom Lake College","2014","7942","2039","5903","4021","7942","1522","959","4826","635","0","2039","620","113","1232","74","0","5903","902","846","3594","561","0","1","10","3","17","1","62","6","2","0","10","58","1","10","3","17","1","62","6","2","0","10","58","5,000 - 9,999",,,,,,,,,,,,"8","2789","2789","0","362","362","0","2427","2427","0","3","61","35","0","8","17","75","8","17","75",,,,"1478","97","0","0","2","0","42","3","27","R","California","At least 2 but less than 4 years","Public","Degree-granting","City: Small","Title IV postsecondary institution","Degree-granting, associate's and certificates","5,000 - 9,999"
"448594","West Hills College-Lemoore","2014","3976","1390","2586","2258","3976","788","494","2437","257","0","1390","432","108","842","8","0","2586","356","386","1595","249","0","1","6","5","56","0","26","3","3","1","6","61","1","6","5","56","0","26","3","3","1","6","61","1,000 - 4,999",,,,,,,,,,,,"11","1343","1343","0","274","274","0","1069","1069","0","7","60","34","0","20","23","57","20","23","57",,,,"731","93","0","0","17","2","40","5","32","R","California","At least 2 but less than 4 years","Public","Degree-granting","Rural: Fringe","Title IV postsecondary institution","Degree-granting, associate's and certificates","1,000 - 4,999"
"455512","Woodland Community College","2014","2554","822","1732","1403","2554","408","384","1502","260","0","822","212","54","536","20","0","1732","196","330","966","240","0","1","9","3","48","0","30","4","5","0","9","60","1","9","3","48","0","30","4","5","0","9","60","1,000 - 4,999",,,,,,,,,,,,"8","896","896","0","174","174","0","722","722","0","3","61","35","0","9","5","87","9","5","87",,,,"400","98","0","0","4","1","4","1","23","R","California","At least 2 but less than 4 years","Public","Degree-granting","Suburb: Small","Title IV postsecondary institution","Degree-granting, associate's and certificates","1,000 - 4,999"
"460394","Moreno Valley College","2014","8731","2138","6593","4352","8731","1167","1442","4763","1359","0","2138","473","299","1282","84","0","6593","694","1143","3481","1275","0","0","6","13","59","0","16","4","1","0","6","57","0","6","13","59","0","16","4","1","0","6","57","5,000 - 9,999",,,,,,,,,,,,"5","2888","2888","0","530","530","0","2358","2358","0","5","61","33","0","6","5","88","6","5","88",,,,"1135","97","0","0","15","1","17","1","29","R","California","At least 2 but less than 4 years","Public","Degree-granting","Suburb: Large","Title IV postsecondary institution","Degree-granting, associate's and certificates","5,000 - 9,999"
"460464","Norco College","2014","9304","2142","7162","4547","9304","1338","1162","5367","1437","0","2142","579","173","1326","64","0","7162","759","989","4041","1373","0","0","8","6","56","0","24","4","1","0","8","54","0","8","6","56","0","24","4","1","0","8","54","5,000 - 9,999",,,,,,,,,,,,"6","2621","2621","0","305","305","0","2316","2316","0","6","66","28","0","8","7","85","8","7","85",,,,"1293","97","0","0","22","2","23","2","34","R","California","At least 2 but less than 4 years","Public","Degree-granting","Suburb: Large","Title IV postsecondary institution","Degree-granting, associate's and certificates","5,000 - 9,999"
"484233","Tri-Community Adult Education","2014",,,,,,,,,,,,,,,,,,,,,,,,,,,,,,,,,,,,,,,,,,,,,,,,,,,,,,,,,,,,,,,,,,,,,,,,,,,,,,,,,,,,,,,,,,,,,,,,,
"489201","Clovis Community College","2014",,,,,,,,,,,,,,,,,,,,,,,,,,,,,,,,,,,,,,,,,,,,,,,,,,,,,,,,,,,,,,,,,,,,,,,,,,,,,,,,,,,,,,,,,,,,,,,,,
"495271","California Indian Nations College","2014",,,,,,,,,,,,,,,,,,,,,,,,,,,,,,,,,,,,,,,,,,,,,,,,,,,,,,,,,,,,,,,,,,,,,,,,,,,,,,,,,,,,,,,,,,,,,,,,,
"497046","Madera Community College","2014",,,,,,,,,,,,,,,,,,,,,,,,,,,,,,,,,,,,,,,,,,,,,,,,,,,,,,,,,,,,,,,,,,,,,,,,,,,,,,,,,,,,,,,,,,,,,,,,,
